"C Nine", ("Cabelo preto"; "Olhos castanhos"; "Camisa branca"; "Sapatos pretos"; "Óculos"), 0.77
"C Gray Fullbuster", ("Cabelo preto"; "Olhos pretos"; "Sem camisa"; "Sapatos pretos"; "Corrente"; "Cinto"), 0.87
"C Renji Abarai", ("Cabelo ruivo"; "Olhos castanhos"; "Roupa preta"; "Sandálias"; "Espada"; "Bandana"), 0.83
"C Minori Kushieda", ("Cabelo rosa"; "Olhos rosas"; "Uniforme escolar"; "Sapatos marrons"; "Prisilha de cabelo"), 0.72
"C Ryou Asuka", ("Cabelo loiro"; "Olhos azuis"; "Camisa branca"; "Sapatos marrons"; "Colete bege"), 0.92
"C Akame", ("Cabelo preto"; "Olhos vermelhos"; "Camisa preta"; "Sapatos pretos"; "Katana"), 0.89
"C Aki Hayakawa", ("Cabelo preto"; "Olhos azuis"; "Terno"; "Tênis"; "Kon"; "Gravata"), 0.91
"C Rukia Kuchiki", ("Cabelo preto"; "Olhos roxos"; "Roupa preta"; "Sapatos brancos"; "Espada"; "Lenço"), 0.70
"C Edward Elric", ("Cabelo loiro"; "Olhos amarelos"; "Roupa vermelha"; "Botas pretas"; "Automail"; "Poderes de alquimia"), 0.97
"S Macacão roxo", ("Za warudo"; "Pochita"), 0.31
"C Ochako Uraraka", ("Cabelo castanho"; "Olhos castanhos"; "Uniforme escolar"; "Poderes de gravidade"; "Traje de super-herói"), 0.86
"S Sapatos brancos", ("Cabelo preto"), 0.28
"C Anna Liebert", ("Cabelo loiro"; "Olhos azuis"; "Roupa branca"), 0.91
"C Zenitsu Agatsuma", ("Cabelo loiro"; "Olhos amarelos"; "Casaco amarelo"; "Sandálias"; "Katana"), 0.98
"S Cabelo ruivo", ("Sapatos pretos"), 0.27
"C Misato Katsuragi", ("Cabelo roxo"; "Olhos castanhos"; "Vestido preto"; "Botas pretas"; "Jaqueta vermelha"), 0.96
"C L Lawliet", ("Cabelo preto"; "Olhos pretos"; "Camisa branca"; "Descalço"; "Muitos doces"), 0.76
"S Camisa vermelha", ("Sapatos vermelhos"), 0.13
"S Olhos vermelhos", ("Cachecol vermelho"; "Camisa verde"; "Macacão marrom"; "Gravata"; "Camisa bege"), 0.38
"C Caesar Anthonio Zeppeli", ("Cabelo loiro "; "Olhos verdes"; "Jaqueta azul"; "Sapatos pretos"; "Cachecol rosa"), 0.75
"C Lalatina Dustiness Ford", ("Cabelo loiro"; "Olhos azuis"; "Armadura"; "Botas brancas"; "Espada"), 0.86
"S Cachecol rosa", ("Olhos cinza"; "Jaqueta verde"; "Prisilha de cabelo"), 0.26
"S Camisa azul", ("Olhos castanhos"), 0.48
"C Shouto Todoroki", ("Cabelo vermelho/branco"; "Olhos cinza/vermelho"; "Uniforme escolar"; "Fogo e gelo"; "Traje de super-herói"), 0.75
"C Kaguya Shinomiya", ("Cabelo preto"; "Olhos vermelhos"; "Uniforme escolar"; "Sapatos brancos"; "Vice-presidente do Conselho Estudantil"; "Fita vermelha no cabelo"), 0.98
"C Shinji Ikari", ("Cabelo castanho"; "Olhos azuis"; "Camisa branca"; "Tênis"; "Pilota uma Eva-Unit"; "Walkman"), 0.81
"C Nobara Kugisaki", ("Cabelo castanho"; "Olhos castanhos"; "Uniforme escolar"; "Sapatos pretos"; "Brincos de argola"), 0.71
"C Stephanie Dola", ("Cabelo ruivo"; "Olhos azuis"; "Vestido branco"; "Botas marrons"; "Flor azul no cabelo"), 0.72
"C Ryuuko Matoi", ("Cabelo preto"; "Olhos roxos"; "Camisa preta"; "Sapatos brancos"; "Lenço"; "Luvas"), 0.81
"C Kouichi Sakakibara", ("Cabelo castanho"; "Olhos castanhos"; "Uniforme escolar"; "Sapatos pretos"), 0.74
"S Cabelo castanho", ("Sapatos brancos"; "Escudo"; "Camisa azul"), 0.28
"C Miki Makimura", ("Cabelo preto"; "Olhos pretos"; "Camisa branca"; "Sapatos pretos"; "Touca"; "Bandana"), 0.85
"S Botas vermelhas", ("Roupa amarela"; "Olhos pretos"), 0.14
"C Kusuo Saiki", ("Cabelo rosa"; "Olhos roxos"; "Camisa branca"; "Sapatos azuis"; "Colete verde"; "Óculos"), 0.75
"S Unifome de time", ("Cabelo ruivo"; "Sapatos brancos"), 0.35
"C Denji", ("Cabelo loiro"; "Olhos castanhos"; "Camisa branca"; "Tênis"; "Pochita"; "Gravata"), 0.91
"C Sasuke Uchiha", ("Cabelo preto"; "Olhos pretos"; "Camisa azul"; "Sandálias"; "Sharingan"; "Bandana"), 0.94
"C Mine", ("Cabelo rosa"; "Olhos rosas"; "Uniforme escolar"; "Sapatos brancos"; "Prisilha de cabelo"; "Rifle de assalto"), 0.91
"S Camisa verde", ("Super hacker"), 0.09
"C Shinichi Izumi", ("Cabelo castanho"; "Olhos castanhos"; "Uniforme escolar"; "Sapatos pretos"), 0.91
"C Kouichi Hirose", ("Cabelo branco"; "Olhos azuis"; "Roupa verde"; "Sapatos bege"; "Mochila"), 0.86
"C Ryuuji Takasu", ("Cabelo azul"; "Olhos pretos"; "Uniforme escolar"; "Sapatos marrons"; "Cachecol vermelho"), 0.79
"C Mitsuha Miyamizu", ("Cabelo preto"; "Olhos castanhos"; "Uniforme escolar"; "Sapatos marrons"; "Laço nos cabelos"), 0.78
"C Kurokami no Onna", ("Cabelo preto"; "Olhos roxos"; "Roupa preta"; "Saltos altos"; "Mecha branca no cabelo"), 0.85
"C Naruto Uzumaki", ("Cabelo loiro"; "Olhos azuis"; "Roupa laranja"; "Sandálias"; "Modo sábio"; "Bandana"), 0.88
"S Sapatos brancos", ("Roupa branca"), 0.35
"C Satoru Fujinuma", ("Cabelo preto"; "Olhos pretos"; "Uniforme escolar"; "Sapatos pretos"; "Óculos"), 0.78
"C Yato", ("Cabelo preto"; "Olhos azuis"; "Jaqueta preta"; "Sapatos pretos"; "Cachecol branco"), 1.00
"C Hideki Hinata", ("Cabelo azul"; "Olhos azuis"; "Jaqueta bege"; "Sapatos marrons"; "Armas de fogo"), 0.87
"C Karma Akabane", ("Cabelo vermelho"; "Olhos amarelos"; "Terno preto"; "Sapatos pretos"; "Revólver"), 0.76
"C Haruhi Fujioka", ("Cabelo castanho"; "Olhos castanhos"; "Roupa azul"; "Sapatos pretos"; "Gravata"; "Broche"), 0.74
"C Ken Kaneki", ("Cabelo branco"; "Olhos pretos"; "Roupa preta"; "Botas pretas"; "Máscara de couro"; "Transformação Ghoul"), 0.77
"C Tooru Mutsuki", ("Cabelo verde"; "Olhos verdes"; "Roupa branca"; "Sapatos pretos"; "Faca"; "Tapa olhos"), 0.85
"C Hiroomi Nase", ("Cabelo preto"; "Olhos verdes"; "Camisa preta"; "Sapatos pretos"; "Colete azul"; "Cachecol"), 0.83
"C Mirai Kuriyama", ("Cabelo rosa"; "Olhos castanhos"; "Camisa azul"; "Sapatos marrons"; "Colete rosa"; "Óculos"), 0.81
"S Olhos azuis", ("Sapatos pretos"; "Cabelo rosa"), 0.13
"C Sora", ("Cabelo ruivo"; "Olhos vermelhos"; "Camisa amarela"; "Sapatos vermelhos"), 0.70
"C Yuno", ("Cabelo preto"; "Olhos amarelos"; "Manto bege"; "Botas pretas"), 0.94
"C Sakuta Azusagawa", ("Cabelo castanho"; "Olhos castanhos"; "Camisa branca"; "Sapatos marrons"; "Cicatriz no peito"; "Jaqueta marrom"), 0.92
"C Light Yagami", ("Cabelo marrom"; "Olhos castanhos"; "Terno"; "Sapatos pretos"; "Death Note"; "Óculos"), 0.83
"C Elizabeth Liones", ("Cabelo cinza"; "Olhos azuis"; "Camisa rosa"; "Sapatos pretos"; "Lenço"), 0.85
"C Edward Wong Hau Pepelu Tivrusky IV", ("Cabelo vermelho"; "Olhos amarelos"; "Top branco"; "Computador"), 1.00
"S Botas brancas", ("Cabelo branco"), 0.20
"S Cabelo ruivo", ("Sapatos pretos"; "Olhos castanhos"; "Camisa branca"), 0.28
"C Nami", ("Cabelo ruivo"; "Olhos castanhos"; "Camisa branca"; "Botas marrons"; "Bastão"), 0.93
"S Cabelo vermelho/branco", ("Traje de super-herói"), 0.12
"C Akira Fudou", ("Cabelo preto"; "Olhos castanhos"; "Camisa preta"; "Sapatos pretos"; "Gravata"), 0.78
"C Joseph Joestar", ("Cabelo castanho"; "Olhos verdes"; "Camisa roxo"; "Botas pretas"; "Cachecol listrado"; "Marca Joestar"), 0.77
"C Ami Kawashima", ("Cabelo azul"; "Olhos azuis"; "Uniforme escolar"; "Sapatos marrons"), 0.91
"C Twelve", ("Cabelo castanho"; "Olhos castanhos"; "Camisa branca"; "Sapatos marrons"; "Relógio"; "Pulseiras"), 0.94
"C Genos", ("Cabelo loiro"; "Olhos amarelos"; "Camisa branca"; "Sapatos pretos"; "Corpo de Cyborg"), 0.74
"C Kineshi Hairo", ("Cabelo ruivo"; "Olhos laranja"; "Camisa verde"; "Sapatos brancos"; "Pulseiras"), 0.74
"C Asuka Langley Souryuu", ("Cabelo ruivo"; "Olhos azuis"; "Uniforme escolar"; "Sapatos pretos"; "Pilota uma Eva-Unit"), 0.92
"C Eren Yeager", ("Cabelo marrom"; "Olhos verdes"; "Jaqueta militar"; "Botas pretas"; "Capa verde"; "Distintivo da Tropa de Exploração"), 0.88
"C Taiju Ooki", ("Cabelo castanho"; "Olhos castanhos"; "Macacão bege"; "Sandálias"; "Cicatriz no olho"), 0.85
"C Yuri Nakamura", ("Cabelo roxo"; "Olhos azuis"; "Uniforme escolar"; "Sapatos pretos"; "Armas de fogo"), 0.99
"S Manto bege", ("Olhos amarelos"), 0.37
"C Itaru Hashida", ("Cabelo castanho"; "Olhos castanhos"; "Camisa verde"; "Sandálias"; "Óculos"; "Super hacker"), 0.99
"S Flor azul no cabelo", ("Braço robótico"; "Terno preto"; "Headband"; "Olheiras"; "Top preto"), 0.21
"C Yuusaku Kitamura", ("Cabelo azul"; "Olhos azuis"; "Uniforme escolar"; "Sapatos pretos"), 0.74
"C Shino Asada", ("Cabelo preto"; "Olhos pretos"; "Uniforme escolar"; "Sapatos pretos"; "Óculos"), 0.86
"S Uniforme escolar", ("Sapatos marrons"), 0.37
"C Chihiro Ogino", ("Cabelo castanho"; "Olhos castanhos"; "Macacão vermelho"; "Sandálias"), 0.86
"S Roupa laranja", ("Top amarelo"; "Brincos"; "Colete roxo"; "Jaqueta marrom"; "Kon"), 0.12
"C Decim", ("Cabelo branco"; "Olhos azuis"; "Uniforme bartender"; "Sapatos pretos"), 0.99
"C Kaori Miyazono", ("Cabelo loiro"; "Olhos azuis"; "Uniforme escolar"; "Sapatos marrons"; "Violinista"), 0.82
"C Lucy Heartfilia", ("Cabelo loiro"; "Olhos castanhos"; "Camisa azul"; "Botas marrons"; "Bolsa"; "Chicote"), 0.92
"C Gon Freecss", ("Cabelo preto"; "Olhos pretos"; "Roupa verde"; "Botas pretas"), 0.84
"C Ban", ("Cabelo azul"; "Olhos vermelhos"; "Camisa vermelha"; "Sapatos vermelhos"), 0.83
"C Shigeo Kageyama", ("Cabelo preto"; "Olhos pretos"; "Uniforme escolar"; "Sapatos brancos"), 0.83
"C Suzaku Kururugi", ("Cabelo marrom"; "Olhos verdes"; "Roupa branca"; "Botas pretas"; "Capa azul"; "Luvas pretas"), 0.96
"S Cabelo preto", ("Sapatos pretos"; "Terno"; "Dominator"; "Gravata preta"), 0.20
"C Kyouko Hori", ("Cabelo marrom"; "Olhos dourados"; "Uniforme escolar"; "Sapatos marrons"; "Ligeiramente masoquista"), 0.97
"S Olhos pretos", ("Cinto"; "Sapatos pretos"), 0.12
"C Robert E. O. Speedwagon", ("Cabelo loiro "; "Olhos amarelos"; "Terno preto"; "Sapatos pretos"; "Cachecol listrado"; "Top hat listrado"), 0.89
"C Katsuki Bakugou", ("Cabelo loiro"; "Olhos vermelhos"; "Uniforme escolar"; "Manoplas em formato de granada"; "Traje de super-herói"), 0.91
"C Ryuk", ("Cabelo preto"; "Olhos amarelos"; "Roupa preta"; "Death Note"), 0.70
"C Ichigo Kurosaki", ("Cabelo ruivo"; "Olhos castanhos"; "Roupa preta"; "Sapatos brancos"; "Espada"; "Lenço"), 0.84
"C Nezuko Kamado", ("Cabelo preto"; "Olhos rosa"; "Kimono rosa"; "Sandálias"; "Fita rosa"; "Bambu na boca"), 0.78
"S Olhos castanhos", ("Terno preto"; "Cabelo preto"), 0.49
"S Uniforme escolar", ("Brincos de argola"; "Sapatos pretos"), 0.31
"S Cabelo branco", ("Olhos roxos"), 0.22
"C Gorou", ("Cabelo loiro "; "Olhos castanhos"; "Uniforme escolar"; "Botas marrons"; "Óculos"), 0.74
"C Goblin Slayer", ("Capacete"; "Armadura"; "Espada"; "Anti-goblins"), 0.71
"C Akihito Kanbara", ("Cabelo loiro"; "Olhos castanhos"; "Camisa branca"; "Sapatos brancos"; "Gravata"; "Colete azul"), 0.77
"C Zoro Roronoa", ("Cabelo verde"; "Olhos verdes"; "Roupa verde"; "Botas pretas"; "Lenço"; "Espada"), 0.85
"C Lisa Lisa", ("Cabelo preto"; "Olhos azuis"; "Vestido preto"; "Botas pretas"; "Cachecol vermelho"), 0.89
"C Tobio Kageyama", ("Cabelo preto"; "Olhos azuis"; "Unifome de time"; "Sapatos brancos"), 0.86
"S Cabelo castanho", ("Olhos castanhos"), 0.26
"S Cicatriz no olho", ("Cabelo branco"; "Macacão branco"), 0.36
"C Satoru Gojou", ("Cabelo branco"; "Olhos azuis"; "Roupa azul"; "Sapatos pretos"; "Venda nos olhos"), 0.87
"C Jet Black", ("Careca"; "Olhos pretos"; "Macacão azul"; "Botas de metal"; "Braço robótico"), 0.90
"C Jinbe", ("Cabelo preto"; "Olhos pretos"; "Roupa laranja"; "Sandálias"; "Faixa azul"), 0.83
"C Ikuno", ("Cabelo roxo"; "Olhos verdes"; "Uniforme escolar"; "Botas marrons"), 0.86
"C Suguha Kirigaya", ("Cabelo preto"; "Olhos pretos"; "Uniforme escolar"; "Sapatos marrons"; "Avatar em ALfheim Online"), 0.85
"C Sakura Haruno", ("Cabelo rosa"; "Olhos verdes"; "Roupa rosa"; "Sandálias"; "Kunais"; "Bandana"), 0.92
"C Jousuke Higashikata", ("Cabelo roxo"; "Olhos azuis"; "Roupa preta"; "Sapatos roxos"; "Brincos"; "Bolsa"), 0.72
"S Olho artificial", ("Sapatos pretos"; "Olhos vermelho/verde"), 0.12
"C Gowther", ("Cabelo rosa"; "Olhos castanhos"; "Camisa rosa"; "Botas vermelhas"; "Corrente"), 0.94
"S Casaco amarelo", ("Cabelo loiro"; "Olhos amarelos"), 0.36
"S Cabelo roxo", ("Sapatos pretos"), 0.11
"C Mitsuki Nase", ("Cabelo preto"; "Olhos vermelhos"; "Camisa azul"; "Sapatos pretos"; "Meias pretas"), 0.86
"S Espada", ("Bandana"), 0.38
"C Merlin", ("Cabelo preto"; "Olhos castanhos"; "Camisa azul"), 0.81
"C Kallen Stadtfeld", ("Cabelo rosa"; "Olhos azuis"; "Roupa marrom"; "Sapatos pretos"; "Bandana"), 0.95
"C Yukiteru Amano", ("Cabelo preto"; "Olhos azuis"; "Jaqueta marrom"; "Sapatos pretos"), 0.81
"C Inosuke Hashibira", ("Cabelo preto"; "Olhos azuis"; "Sem camisa"; "Sandálias"; "Katana"; "Cabeça de javali"), 0.80
"S Roupa roxa", ("Sapatos azuis"; "Olhos vermelhos"), 0.36
"S Cabelo rosa", ("Corrente"; "Camisa rosa"), 0.47
"C Kanade Tachibana", ("Cabelo branco"; "Olhos amarelos"; "Uniforme escolar"; "Sapatos pretos"), 0.92
"S Flip phone", ("Jaleco"; "Camisa branca"), 0.42
"C Bulma", ("Cabelo azul"; "Olhos azuis"; "Camisa branca"; "Botas amarelas"; "Lenço"; "Corrente"), 0.81
"S Pulseiras", ("Camisa branca"; "Cabelo castanho"; "Sapatos marrons"), 0.11
"S Olhos azuis", ("Botas marrons"), 0.09
"C Kohaku", ("Cabelo loiro "; "Olhos azuis"; "Macacão azul"; "Sandálias"), 0.88
"S Roupa branca", ("Sapatos brancos"; "Olhos dourados"), 0.06
"S Sapatos pretos", ("Roupa azul"; "Broche"; "Olhos pretos"), 0.42
"C Aren Kuboyasu", ("Cabelo roxo"; "Olhos pretos"; "Camisa verde"; "Sapatos pretos"; "Óculos"), 0.84
"C Shouya Ishida", ("Cabelo preto"; "Olhos pretos"; "Camisa marrom"; "Sapatos marrons"; "Gravata"), 0.72
"C Izumi Miyamura", ("Cabelo preto"; "Olhos azuis"; "Uniforme escolar"; "Tênis"; "Piercings"), 0.83
"S Cachecol amarelo", ("Bolsa"; "Cabeça de javali"; "Botas laranja"; "Luvas pretas"), 0.24
"S Cabelo marrom", ("Sapatos marrons"), 0.12
"C Faye Valentine", ("Cabelo preto"; "Olhos verdes"; "Top amarelo"; "Botas brancas"), 0.92
"C Rei Ayanami", ("Cabelo azul"; "Olhos vermelhos"; "Uniforme escolar"; "Sapatos brancos"; "Pilota uma Eva-Unit"), 0.99
"C Yuuki Konno", ("Cabelo roxo"; "Olhos roxos"; "Vestido roxo"; "Botas roxas"), 0.82
"C Riki Nendou", ("Cabelo preto"; "Olhos pretos"; "Camisa laranja"; "Sapatos verdes"; "Colete verde"), 0.96
"C Armin Arlert", ("Cabelo loiro"; "Olhos azuis"; "Jaqueta militar"; "Botas pretas"; "Lenço"; "Distintivo da Tropa de Exploração"), 0.98
"C Levi", ("Cabelo preto"; "Olhos verdes"; "Camisa cinza"; "Botas marrons"; "Capa verde"), 0.91
"S Olhos verdes", ("Uniforme escolar"; "Cabelo vermelho"), 0.46
"S Uniforme escolar", ("Olhos castanhos"), 0.14
"C Shouko Nishimiya", ("Cabelo rosa claro"; "Olhos castanhos"; "Uniforme escolar"; "Sapatos marrons"; "Deficiência auditiva"), 0.92
"C Emilia", ("Cabelo branco"; "Olhos roxos"; "Roupa branca"; "Botas brancas"; "Prisilha de cabelo"), 0.89
"C Miyuki Shirogane", ("Cabelo loiro "; "Olhos azuis"; "Uniforme escolar"; "Sapatos brancos"; "Presidente do Conselho Estudantil"; "Olheiras"), 0.71
"C Nagisa Shiota", ("Cabelo azul"; "Olhos azuis"; "Uniforme escolar"; "Sapatos pretos"; "Faca"), 0.97
"C Jonathan Joestar", ("Cabelo azul"; "Olhos azuis"; "Camisa azul"; "Botas marrons"; "Cachecol roxo"; "Marca Joestar"), 0.95
"S Olhos pretos", ("Cabelo preto"; "Gravata"), 0.39
"C Shougo Makishima", ("Cabelo branco"; "Olhos amarelos"; "Camisa branca"; "Humanista"), 0.77
"C Chika Fujiwara", ("Cabelo rosa"; "Olhos azuis"; "Uniforme escolar"; "Sapatos brancos"; "Clube dos jogos de mesa"; "Secretária do Conselho Estudantil"), 0.87
"C Yasutora Sado", ("Cabelo castanho"; "Olhos castanhos"; "Camisa azul"; "Sapatos brancos"; "Escudo"), 0.85
"C Violet Evergarden", ("Cabelo loiro"; "Olhos azuis"; "Vestido branco"; "Botas marrons"; "Jaqueta azul"; "Braços protéticos"), 1.00
"C Johan Liebert", ("Cabelo loiro"; "Olhos azuis"; "Camisa preta"; "Sapatos pretos"; "Colete marrom"), 0.76
"C Robin Nico", ("Cabelo preto"; "Olhos azuis"; "Roupa azul"; "Sapatos rosa"; "Chapéu"; "Óculos"), 0.87
"C Kuki Urie", ("Cabelo preto"; "Olhos pretos"; "Roupa branca"; "Sapatos pretos"; "Espada"; "Luvas"), 0.82
"C Kosaki Onodera", ("Cabelo preto"; "Olhos castanhos"; "Camisa branca"; "Sapatos marrons"; "Meias brancas"; "Fita laranja"), 0.75
"C Mako Mankanshoku", ("Cabelo castanho"; "Olhos castanhos"; "Camisa branca"; "Sapatos marrons"; "Lenço"; "Meia branca"), 0.76
"C Yukio Okumura", ("Cabelo castanho"; "Olhos azuis"; "Macacão preto"; "Sapatos pretos"; "Óculos"; "Revólver"), 0.95
"S Cabelo loiro", ("Sapatos marrons"; "Gravata"), 0.26
"C Kurapika", ("Cabelo loiro"; "Olhos castanhos"; "Roupa azul"; "Sapatos azuis"; "Correntes"), 0.84
"C Brook", ("Cabelo preto"; "Sapatos marrons"; "Jaqueta preta"; "Bengala"), 0.92
"C Spike Spiegel", ("Cabelo preto"; "Olhos castanhos"; "Terno preto"; "Sapatos pretos"), 0.98
"C Nona", ("Cabelo branco"; "Olhos roxos"; "Camisa branca"; "Sandálias"; "Habilidades em sinuca"), 0.77
"C Rin Okumura", ("Cabelo preto"; "Olhos azuis"; "Camisa branca"; "Sapatos pretos"; "Katana"; "Chifre"), 0.88
"C Mary Saotome", ("Cabelo loiro"; "Olhos amarelos"; "Roupa vermelha"; "Sapatos marrons"; "Compulsão por apostas"), 0.96
"C Akane Tsunemori", ("Cabelo castanho"; "Olhos castanhos"; "Jaqueta azul"; "Sapatos marrons"; "Dominator"; "Uniforme policial"), 0.71
"C Meliodas", ("Cabelo loiro"; "Olhos azuis"; "Roupa branca"; "Botas pretas"; "Gravata "; "Colete preto"), 0.73
"S Terno", ("Top branco"; "Macacão bege"; "Coroa"; "Camisa verde"), 0.17
"C Orihime Inoue", ("Cabelo ruivo"; "Olhos castanhos"; "Roupa branca"; "Sapatos pretos"; "Capa"), 0.80
"C Asuna Yuuki", ("Cabelo castanho"; "Olhos castanhos"; "Uniforme branco e vermelho"; "Botas brancas"; "Florete"), 0.92
"C Noelle Silva", ("Cabelo cinza"; "Olhos roxos"; "Manto Touro"; "Sandálias"), 0.76
"C Megumi Fushiguro", ("Cabelo preto"; "Olhos azuis"; "Roupa azul"; "Sapatos marrons"; "Uniforme escolar"), 0.70
"C Hikaru Hitachiin", ("Cabelo ruivo"; "Olhos castanhos"; "Roupa azul"; "Sapatos pretos"; "Gravata"; "Broche"), 0.78
"C Chrome", ("Cabelo castanho"; "Olhos castanhos"; "Macacão verde"; "Sandálias"; "Headband"), 0.84
"S Katana", ("Sem camisa"), 0.36
"C Kayo Hinazuki", ("Cabelo preto"; "Olhos castanhos"; "Uniforme escolar"; "Botas marrons"; "Cachecol amarelo"), 0.91
"S Uniforme escolar", ("Olhos azuis"; "Piercings"), 0.48
"C Erina Nakiri", ("Cabelo loiro "; "Olhos roxos"; "Dólmã"; "Sapatos pretos"; "Faca"; "Chapéu de Chef"), 0.96
"C Yamcha", ("Cabelo preto"; "Olhos pretos"; "Roupa laranja"; "Sapatos azuis"; "Pulseiras"), 0.89
"C Okuyasu Nijimura", ("Cabelo preto"; "Olhos pretos"; "Roupa azul"; "Sapatos verdes"; "Cinto"), 0.94
"C Wendy Marvell", ("Cabelo azul"; "Olhos castanhos"; "Roupa verde"; "Sandálias"; "Orelhas"), 0.70
"S Lenço", ("Camisa rosa"; "Olhos azuis"), 0.14
"C Souma Yukihira", ("Cabelo vermelho"; "Olhos amarelos"; "Dólmã"; "Sapatos pretos"; "Faca"; "Chapéu de Chef"), 0.84
"C Erza Scarlet", ("Cabelo ruivo"; "Olhos castanhos"; "Roupa branca"; "Botas pretas"; "Espada"; "Cinto"), 0.98
"C Yukine", ("Cabelo loiro"; "Olhos vermelhos"; "Jaqueta verde"; "Sapatos pretos"; "Gorro verde"), 0.85
"C Tenya Iida", ("Cabelo preto"; "Olhos azuis"; "Uniforme escolar"; "Botas com propulsores"; "Traje de super-herói"), 0.86
"C Subaru Natsuki", ("Cabelo preto"; "Olhos pretos"; "Macacão preto"; "Sapatos pretos"), 0.86
"S Cabelo castanho", ("Olhos castanhos"; "Roupa vermelha"; "Compulsão por apostas"), 0.33
"S Olhos azuis", ("Cabelo loiro"), 0.25
"C Kazuma Satou", ("Cabelo castanho"; "Olhos verdes"; "Camisa branca"; "Botas marrons"; "Capa verde"), 0.81
"C Kaoru Hitachiin", ("Cabelo ruivo"; "Olhos castanhos"; "Roupa azul"; "Sapatos pretos"; "Gravata"; "Broche"), 1.00
"C Rohan Kishibe", ("Cabelo verde"; "Olhos verdes"; "Roupa roxa"; "Sapatos verdes"; "Colete verde"; "Bandana"), 0.78
"C Megumin", ("Cabelo castanho"; "Olhos vermelhos"; "Vestido vermelho"; "Botas marrons"; "Explosão"; "Chapéu de feiticeiro"), 0.87
"C Mitsukuni Haninozuka", ("Cabelo loiro"; "Olhos castanhos"; "Roupa azul"; "Sapatos pretos"; "Gravata"; "Coelho de pelúcia"), 0.97
"C Satsuki Kiryuuin", ("Cabelo preto"; "Olhos azuis"; "Roupa branca"; "Sapatos brancos"; "Espada"; "Lenço"), 0.78
"C Futoshi", ("Cabelo castanho"; "Olhos verdes"; "Uniforme escolar"; "Botas marrons"; "Gordo"), 0.80
"C Yoshikage Kira", ("Cabelo loiro"; "Olhos roxos"; "Camisa verde"; "Sapatos marrons"; "Colete roxo"; "Gravata"), 0.74
"C Shinya Kougami", ("Cabelo preto"; "Olhos cinza"; "Terno"; "Sapatos pretos"; "Gravata preta"; "Dominator"), 0.83
"C Saitama", ("Careca"; "Olhos pretos"; "Roupa amarela"; "Botas vermelhas"), 0.95
"C C.C.", ("Cabelo verde"; "Olhos dourados"; "Roupa branca"; "Sapatos brancos"), 0.82
"C All Might", ("Cabelo loiro"; "Olhos azuis"; "One for all"; "Traje de super-herói"), 0.72
"C Ray", ("Cabelo preto"; "Olhos pretos"; "Roupa branca"; "Sapatos brancos"), 0.97
"C Yuno Gasai", ("Cabelo rosa"; "Olhos rosa"; "Uniforme escolar"; "Yandere"), 0.95
"C Taiga Aisaka", ("Cabelo castanho"; "Olhos castanhos"; "Uniforme escolar"; "Sapatos marrons"; "Lenço"), 0.96
"S Sapatos vermelhos", ("Camisa amarela"), 0.29
"C Leone", ("Cabelo loiro"; "Olhos amarelos"; "Top preto"; "Botas marrons"; "Garras de leão"), 0.78
"C Hiro", ("Cabelo preto"; "Olhos azuis"; "Uniforme escolar"; "Botas marrons"; "Chifre"), 0.82
"C Touka Kirishima", ("Cabelo roxo"; "Olhos roxos"; "Roupa roxa"; "Botas pretas"; "Máscara"; "Transformação Ghoul"), 0.98
"C Mikasa Ackerman", ("Cabelo preto"; "Olhos cinzas"; "Jaqueta militar"; "Botas pretas"; "Lenço"; "Distintivo da Tropa de Exploração"), 0.86
"C Mitsuru", ("Cabelo verde"; "Olhos verdes"; "Uniforme escolar"; "Botas marrons"), 0.89
"C Kokoro", ("Cabelo cinza"; "Olhos azuis"; "Uniforme escolar"; "Botas marrons"), 0.74
"C Tsubaki Sawabe", ("Cabelo marrom"; "Olhos castanhos"; "Uniforme escolar"; "Sapatos marrons"), 0.96
"C King", ("Cabelo castanho"; "Olhos castanhos"; "Roupa azul"; "Botas azuis"), 0.85
"S Cabelo roxo", ("Uniforme escolar"), 0.10
"C Franky", ("Cabelo azul"; "Olhos pretos"; "Camisa vermelha"; "Corrente"; "Óculos"), 0.80
"C Miku", ("Cabelo vermelho"; "Olhos verdes"; "Uniforme escolar"; "Botas marrons"), 0.77
"S Camisa branca", ("Muitos doces"), 0.34
"C Raku Ichijou", ("Cabelo roxo"; "Olhos roxos"; "Camisa branca"; "Sapatos brancos"; "Colete preto"; "Corrente"), 0.77
"S Luvas pretas", ("Olhos verdes"), 0.43
"S Cabelo preto", ("Bengala"), 0.15
"C Taki Tachibana", ("Cabelo castanho"; "Olhos azuis"; "Uniforme escolar"; "Sapatos pretos"), 0.98
"C Megumi Tadokoro", ("Cabelo azul"; "Olhos amarelos"; "Dólmã"; "Sapatos pretos"; "Faca"; "Chapéu de Chef"), 0.76
"C Takashi Morinozuka", ("Cabelo preto"; "Olhos pretos"; "Roupa azul"; "Sapatos pretos"; "Gravata"; "Broche"), 0.96
"C Hiyori Iki", ("Cabelo preto"; "Olhos roxos"; "Uniforme escolar"; "Botas pretas"; "Cachecol vermelho"), 0.70
"S Botas pretas", ("Vestido preto"; "Olhos azuis"), 0.10
"C Chitoge Kirisaki", ("Cabelo loiro"; "Olhos azuis"; "Camisa branca"; "Sapatos marrons"; "Fita laranja"; "Orelhas"), 0.77
"C Kokomi Teruhashi", ("Cabelo azul"; "Olhos azuis"; "Camisa branca"; "Sapatos marrons"; "Meias pretas"; "Laço"), 0.96
"S Sapatos brancos", ("Uniforme escolar"), 0.50
"C Gen Asagiri", ("Cabelo preto/branco"; "Olhos pretos"; "Macacão roxo"; "Sandálias"; "Cicatriz no olho"), 0.98
"C Saiko Yonebayashi", ("Cabelo azul"; "Olhos azuis"; "Roupa branca"; "Botas pretas"), 0.81
"C Izuku Midoriya", ("Cabelo verde"; "Olhos verdes"; "Uniforme escolar"; "One for all"; "Traje de super-herói"), 0.89
"C Shiro", ("Cabelo branco"; "Olhos vermelhos"; "Roupa roxa"; "Sapatos azuis"; "Coroa"), 0.87
"S Roupa vermelha", ("Cabelo vermelho"; "Chicote"; "Braço robótico"; "Cachecol rosa"; "Maleta azul"), 0.18
"C Ryouta Watari", ("Cabelo marrom"; "Olhos castanhos"; "Uniforme escolar"; "Sapatos marrons"; "Gravata vermelha"), 0.81
"C Yuuji Itadori", ("Cabelo rosa"; "Olhos castanhos"; "Roupa azul"; "Sapato vermelho"; "Dedos de Sukuna"), 0.99
"C Yuu Ishigami", ("Cabelo preto"; "Olhos pretos"; "Uniforme escolar"; "Sapatos brancos"; "Tesoureiro do Conselho Estudantil"), 0.95
"C Norman", ("Cabelo branco"; "Olhos azuis"; "Roupa branca"; "Sapatos brancos"), 0.71
"C Kazuto Kirigaya", ("Cabelo preto"; "Olhos pretos"; "Roupa preta"; "Botas pretas"; "Capa preta"; "Duas espadas"), 0.72
"C Usopp", ("Cabelo preto"; "Olhos pretos"; "Macacão marrom"; "Botas marrons"; "Bolsa marrom"; "Touca marrom"), 0.75
"C Shizuku Mizutani", ("Cabelo ruivo"; "Olhos castanhos"; "Camisa branca"; "Sapatos marrons"; "Colete vermelho"; "Corrente"), 0.72
"C Shouyou Hinata", ("Cabelo ruivo"; "Olhos castanhos"; "Unifome de time"; "Sapatos brancos"), 0.81
"S Botas marrons", ("Kunais"; "Terno branco"; "Cabeça de javali"), 0.38
"S Olhos roxos", ("Colete preto"; "Cabelo roxo"; "Sapatos brancos"), 0.48
"C Diane", ("Cabelo castanho"; "Olhos roxos"; "Roupa laranja"; "Botas laranja"), 0.80
"S Roupa verde", ("Capa preta"; "Za warudo"; "Presilha"), 0.26
"C Arataka Reigen", ("Cabelo loiro"; "Olhos castanhos"; "Terno cinza "; "Sapatos pretos"; "Gravata rosa"), 0.85
"C Kousei Arima", ("Cabelo preto"; "Olhos azuis"; "Uniforme escolar"; "Tênis"; "Pianista"; "Óculos"), 0.76
"S Cabelo castanho", ("Olhos castanhos"), 0.25
"C Ginshi Shirazu", ("Cabelo ruivo"; "Olhos pretos"; "Roupa preta"; "Sapatos pretos"; "Espada"; "Colete marrom"), 0.73
"C Kenzou Tenma", ("Cabelo preto"; "Olhos pretos"; "Camisa branca"; "Sapatos pretos"; "Colete cinza"; "Médico"), 0.86
"C Koro-sensei", ("Careca"; "Olhos brancos"; "Uniforme escolar"; "Chapéu de formatura"), 0.96
"C Mei Misaki", ("Cabelo preto"; "Olhos vermelho/verde"; "Uniforme escolar"; "Sapatos pretos"; "Olho artificial"), 0.99
"S Meias azuis", ("Cabelo preto"; "Olhos castanhos"), 0.50
"C Killua Zoldyck", ("Cabelo branco"; "Olhos azuis"; "Roupa branca"; "Tênis"), 0.95
"S Poderes de gravidade", ("Roupa vermelha"; "Manto bege"; "Muitos doces"; "Cabelo branco"; "Macacão roxo"), 0.17
"C Krista Lenz", ("Cabelo loiro"; "Olhos azuis"; "Camisa branca"; "Botas marrons"; "Jaqueta marrom"), 0.74
"S Dedos de Sukuna", ("Explosão"; "Broche"), 0.30
"C Yumeko Jabami", ("Cabelo preto"; "Olhos vermelhos"; "Roupa vermelha"; "Sapatos marrons"; "Compulsão por apostas"), 0.83
"C Zorome", ("Cabelo loiro "; "Olhos roxos"; "Uniforme escolar"; "Botas marrons"), 0.90
"C Mai Sakurajima", ("Cabelo cinza"; "Olhos roxos"; "Camisa branca"; "Sapatos marrons"; "Roupa de coelho"; "Jaqueta marrom"), 0.91
"C Charlés", ("Cabelo rosa"; "Olhos castanhos"; "Camisa preta"; "Sapatos pretos"; "Gravata"; "Presilha"), 0.95
"C Shirou Emiya", ("Cabelo ruivo"; "Olhos castanhos"; "Camisa branca"; "Sapatos pretos"; "Espada"), 1.00
"C Haku", ("Cabelo preto"; "Olhos verdes"; "Macacão branco"; "Sandálias"; "Dragão"), 0.93
"C Makima", ("Cabelo ruivo"; "Olhos amarelos"; "Camisa branca"; "Sapatos marrons"; "Gravata"), 0.79
"C Dio Brando", ("Cabelo loiro "; "Olhos amarelos"; "Roupa amarela"; "Sapatos amarelos"; "Za warudo"), 0.78
"C Kenjirou Shibazaki", ("Cabelo preto"; "Olhos pretos"; "Camisa branca"; "Sapatos pretos"; "Gravata"), 0.95
"C Haru Yoshida", ("Cabelo preto"; "Olhos pretos"; "Camisa bege"; "Sapatos bege"; "Gravata"; "Colete vermelho"), 0.99
"C Lelouch Lamperouge", ("Cabelo preto"; "Olhos roxos"; "Roupa preta"; "Sapatos pretos"; "Geass"), 0.70
"C Leorio Paladiknight", ("Cabelo preto"; "Olhos castanhos"; "Roupa azul"; "Sapatos pretos"; "Óculos"; "Maleta"), 0.97
"S Roupa laranja", ("Olhos roxos"), 0.37
"C Ichigo", ("Cabelo azul"; "Olhos verdes"; "Uniforme escolar"; "Botas marrons"; "Presilha"), 0.94
"C Zero Two", ("Cabelo rosa"; "Olhos azuis"; "Macacão vermelho"; "Botas brancas"; "Chifre"), 0.77
"C Luffy Monkey D.", ("Cabelo preto"; "Olhos pretos"; "Camisa vermelha"; "Sandálias"; "Chapéu"), 0.89
"C Will A. Zeppeli", ("Cabelo preto"; "Olhos azuis"; "Terno branco"; "Sapatos pretos"; "Cachecol listrado"; "Top hat listrado"), 0.93
"S Camisa azul", ("Olhos azuis"; "Marca Joestar"), 0.09
"C Ryouta Suzui", ("Cabelo castanho"; "Olhos castanhos"; "Roupa vermelha"; "Sapatos marrons"; "Compulsão por apostas"), 0.86
"C Yuzuru Otonashi", ("Cabelo castanho"; "Olhos castanhos"; "Jaqueta bege"; "Sapatos marrons"; "Armas de fogo"), 0.75
"C Natsu Dragneel", ("Cabelo rosa"; "Olhos pretos"; "Roupa preta"; "Sandálias"; "Pulseiras"; "Cachecol"), 0.91
"C Mayuri Shiina", ("Cabelo preto"; "Olhos azuis"; "Vestido azul"; "Botas pretas"; "Tuturu"), 0.74
"C Lisa Mishima", ("Cabelo preto"; "Olhos castanhos"; "Camisa amarela"; "Sapatos azuis"; "Meias azuis"), 0.92
"C Senkuu Ishigami", ("Cabelo branco"; "Olhos vermelhos"; "Macacão branco"; "Sandálias"; "Cicatriz no olho"), 0.87
"S Cabelo loiro", ("Roupa branca"), 0.30
"C Emma", ("Cabelo ruivo"; "Olhos verdes"; "Roupa branca"; "Sapatos brancos"), 0.80
"C Asta", ("Cabelo cinza"; "Olhos verdes"; "Manto Touro"; "Sapatos pretos"; "Trevo preto"), 0.89
"S Colete vermelho", ("Cabelo rosa claro"; "Geass"; "Cabelo loiro "), 0.36
"C Aqua", ("Cabelo azul"; "Olhos azuis"; "Roupa azul"; "Botas azuis"; "Deusa"), 0.76
"S Cabelo preto", ("Olhos vermelhos"; "Sapatos pretos"), 0.07
"C Haise Sasaki", ("Cabelo branco"; "Olhos cinzas"; "Roupa branca"; "Sapatos marrons"; "Espada"; "Gravata"), 0.76
"C Shun Kaidou", ("Cabelo branco"; "Olhos vermelhos"; "Camisa branca"; "Sapatos pretos"; "Colete verde"; "Luvas"), 0.84
"S Olhos vermelhos", ("Colete verde"), 0.50
"C Tatsumi", ("Cabelo marrom"; "Olhos verdes"; "Roupa marrom"; "Botas marrons"; "Espada"), 0.96
"S Manto Touro", ("Sandálias"), 0.49
"C Kakashi Hatake", ("Cabelo branco"; "Olhos pretos"; "Roupa verde"; "Sandálias"; "Sharingan"; "Bandana"), 0.99
"C Uryuu Ishida", ("Cabelo azul"; "Olhos azuis"; "Camisa branca"; "Sapatos brancos"; "Espada"; "Óculos"), 0.89
"C Ritsu Kageyama", ("Cabelo azul"; "Olhos pretos"; "Uniforme escolar"; "Sapatos brancos"; "Maleta azul"), 0.76
"C Rintarou Okabe", ("Cabelo preto"; "Olhos castanhos"; "Camisa branca"; "Sapatos pretos"; "Jaleco"; "Flip phone"), 0.96
"C Power", ("Cabelo loiro"; "Olhos amarelos"; "Camisa branca"; "Tênis"; "Jaqueta azul"; "Gravata"), 0.79
"C Tanjirou Kamado", ("Cabelo preto"; "Olhos vermelhos"; "Roupa preta"; "Sandálias"; "Jaqueta verde e preta"; "Katana"), 1.00
"C Kurisu Makise", ("Cabelo ruivo"; "Olhos azuis"; "Jaqueta marrom"; "Sapatos pretos"; "Jaleco"; "Flip phone"), 0.72
"C Sanji", ("Cabelo loiro"; "Olhos pretos"; "Camisa preta"; "Sapatos pretos"; "Gravata"; "Cigarro"), 0.87
